Speaker,Manx,English,SubStart,SubEnd,Origin,Confidence
,as ren oo goll dys brastyllyn marish doolish y karagher,and did you go to classes with douglas faragher,5.38,8.32,human,
,hie mee gys yn brastyl ritchie son daa vleeaney er lhiam's ayns balley cashtal va shen yn kied vrastyl va mee ayn eisht hie mee gys yn brastyl doolish y karagher ayns doolish son un vlein er lhiam's va derek phillips ayn ayns y vrastyl cheddin ec y traa t'ayn as kuse dy leih elley stewie bennett as sleih myr shen v'eh feer ymmydoil goll gys y vrastyl,i went to ritchie's class for two years i think in castletown that was the first class i was in then i went to douglas faragher's class for a year i think derek phillips was in the same class at that time and a few other people stewie bennett and people like that it was very useful going to the class,9.34,42.89,human,
,cha bee shiu geddyn greim er y choloayrtys mannagh vel shiu goll gys yn t'ou slane caillt my row shiu lhaih eh lhig dooin gra yn bible casherick t'eh feer doillee geddyn yn aght dy ockley magh eh my t'ou laccal cha nel eh jannoo eh,you won't get a hang of conversation if you don't go to- you're completely lost if you read let's say the holy bible it's very difficult to get how to pronounce it if you like it doesn't do it,43.55,66.57,human,
,as ta ram gallic ayd nish,and you know a lot of gallic now,66.57,69.90,human,
,well tha facal na dha agam,well 'i know a word or two',69.90,71.13,human,
,so t'ou goll gys ellan barra feer vennick vel oo goll er yn vaatey ayd,so you go to barra often do you go in your boat,73.41,79.05,human,
,cha nel er yn etlan ghooinney,no on the plane man,79.50,82.35,human,
,t'eh ro foddey dy gholl er y vaatey s'cooin lhiam yn kied turrys mysh jeih bleeaney er dy henney va mish loayrt marish carrey dooys dooinney enmyssit raghnall campbell as va shinyn cheu mooie jeh ny booaghyn as va thie bee noa goll er karraghey heese yn traid as haink ven magh ass yn shapp as dooyrt y ven rish my charrey 'bheil e fosgailte fhathast' as va mee smooinaghtyn d'ou hene dooyrt y ven 'vel eh foshlit foast is it open yet',it's too far to go in the boat i remember the first trip about ten years ago i was talking to a friend of mine a man called ronald campbell and we were outside of the cows and there was a new restaurant being renovated down the road and a woman came out of the shop and the woman said to my friend 'bheil e fosgailte fhathast' and i thought to myself the woman said 'is it open yet',82.56,125.33,human,
,as dooyrt mee 'ta mee toiggal yn glare shoh gyn ourys' 'bheil e fosgailte fhathast' dooyrt ish as dooyrt mee rish my charrey 'dooyrt ish is it open yet ' 'tha thu ceart tha thu ag ionnsachadh you're learning' t'ee yn un red t'ad gra th inig haink ch mi thu as ooilley ny earrooyn ooilley ny verbyn dagh ooilley red t'ad ooilley yn un red agh t'ad fockley magh eh ayns aght beggan quaagh my row shiu geddyn cliaghtit rish t'eh aashagh dy liooar dy toiggal eh,"and i said 'i understand this language without doubt' 'is it open yet' she said and i said to my friend 'did she say ""is it open yet""' 'you're right you're learning' it's the same thing they say thƒƒ inig €“ 'haink' came chƒƒ¬ mi thu see you and all the numbers all the verbs everything they're all the same but they pronounce it in a bit of a strange way if you get used to it it's easy enough to understand it",125.99,167.80,human,
,agh t'adsyn loayrt gallic feiy'n laa gagh laa agh v'adsyn gra dy vel eh goll sheese y lhargagh ec y traa t'ayn as dooyrt shenn fer insee ta cummal ayns barra dooyrt eshyn rhym's 'ta dooinney loayrt baarle ayns gagh chorneil jeh gagh thie gagh oie' v'eh loayrt mychione yn chelveish as dooyrt eh va shenn sleih goit er y vaarle er yn oyr dy vel ad smooinnaghtyn dy vel eh cool dy ve loayrt ass y vaarle cha nel eh cool dy ve loayrt ass y ghallic shen myr dooyrt yn dooinney shen,but they speak gallic all day every day but they said that it's going downhill at the moment and an old teacher who lives in barra he said to me 'there's a man speaking english in every corner of every home every night' he was talking about the television and he said old people were taken by english because they thought it was cool to be speaking in english it's not cool to be speaking gallic that's what this man said,169.03,213.93,human,
,s'bastagh shen vel oo son goll dys barra mleeaney,that's a shame are you going to barra this year,216.39,219.87,human,
,aye ayns mee ny ghaa ta mee er ve ayn jeih turrys er lhiam's,aye in a month or two i've been on ten trips i think,219.87,234.85,human,
,c'raad t'ou tannaghtyn,where do you stay,237.10,238.09,human,
,well boayl erbee ta mee geddyn bwaane mar is trice mar is trice ta shen gallic ghooinney mar is trice 'most often',well anywhere i get a cottage mar is trice mar is trice that's gallic man mar is trice €“ 'most often',238.90,250.75,human,
,ny s'menkey,more often,251.44,252.10,human,
,ta mee geddyn caillt ny keayrtyn eddyr y ghlare vanninagh as y ghallic,i get lost sometimes between the manx language and gallic,256.82,261.11,human,
,foddym toiggal shen t'eh beggan doillee nagh vel feer vie cre nee oo 'sy tourey ansherbee vel oo son jannoo veg well goll dys barra,i can understand that it's a bit difficult isn't it very good what are you doing in the summer anyway are you doing anything well going to barra,261.89,272.51,human,
,aye as goll gys y rank dy chur shilley er my inneen t'ee ayns yn ard scoill ayns shen t'ee jannoo studeyrys er frangish as delladys delladys t'ad gra rish,aye and going to france to visit my daughter she's at university there she's studying french and business i think business they call it,273.05,287.61,human,
,c'raad sy rank,where in france,288.45,289.20,human,
,leon er lhiam's t'ee ayn eisht sy fouyr er lhiam's dy vel ee goll gys bordeaux son jannoo startey son blein agh lurg shen t'ee jannoo yn blein sy jerrey ec ard scoill ayns chester eisht foddee dy bee degree ecksh,leon i think she's in then in the autumn i think that she's going to bordeaux to work for a year but after that she's doing the final year at university in chester then maybe she'll have a degree,291.06,317.86,human,
,as c'red t'ee geearree laccal jannoo lurg shen,and what does she want to do after that,319.69,322.48,human,
,cha nel ish smooinaghtyn mychione y lhied shen t'ee just smooinaghtyn mychione goll magh er yn oie ec y traa t'ayn,she's not thinking about that type of thing she's just thinking about going out at night at the moment,322.72,331.06,human,
,cre'n fa nagh,why not,331.43,332.24,human,
,t'ee jannoo delladys as t'ee jannoo frangish ta mish er gra 'bee startey mie ayd's ayns ellan vannin' 'oh cha nel beeym goll ooilley mygeayrt y theihll' dooyrt ee hee shin,she's doing business and she's doing french i've said 'there'll be a good job on the isle of man' 'oh no i'll be going all round the world' she said we will see,335.90,348.38,human,
