Speaker,Manx,SubStart,SubEnd,Origin,Confidence
,jeheiney ren mee gynsaghey gaelg ec yn thie-tashtee ayns doolish,4.30,7.48,human,
,va mee ec yn thie-tashtee eddyr daayeig as jees as lurg shen ren mee goll dys thie my charrey,8.01,13.20,human,
,ren mee loayrt rish my charrey rish tammylt as lurg shen ren mee gimman dys tesco,14.05,18.13,human,
,cha mie lhiam tesco as cha mie lhiam shappal ayns tesco,18.88,21.67,human,
,agh ren mee shappal ayns tesco er y fa dy row mee ayns doolish,22.24,25.60,human,
,ren mee fakin carrey elley ayns tesco as ren mee kionnaghey ram bee as jough,26.26,29.98,human,
,lurg shen ren mee gimman dy valley as va mee erash ayns purt le moirrey mysh kiare,31.28,35.03,human,
,ren mee gobbraghey son tammylt er my choearrooder as mysh queig ren mee goll dys yn oikpostagh,36.02,40.58,human,
,ren mee cur shilley er my vummig as ren mee shooyl dy valley,41.48,44.30,human,
,cha ren mee monney oie jeheiney,45.23,46.64,human,
,cha ren mee fakin monney er yn chellveeish,47.93,49.88,human,
,er y fa dy row mee skee agglagh as ren mee goll dy lhie mysh jeih,50.36,54.11,human,
,moghrey jesarn ren mee girree mysh shiaght as mysh jeih ren mee chellvaney er my charrey ta cummal ayns rhumsaa,54.99,60.36,human,
,cha nee manninagh eshyn agh s'mie lesh cummal as gobbraghey ayns rhumsaa,60.87,64.86,human,
,by vie lhiam cur shilley er ayns shiaghtin,65.67,67.56,human,
,mysh nanejeig ren shin mish my ven as my vac shooyl dys purt chiarn,68.31,72.39,human,
,ren shin goll dys yn thie-bee noa er y chooylaghan ren mee gee awreeeeast as v'eh yindyssagh,73.50,78.93,human,
,lurg shen ren shin shooyl dys shoprite as ren mee kionnaghey stoo son my vummig,79.90,83.86,human,
,ren shin shooyl dy valley as oie jesarn ren mee coagyrey curree braddan v'eh yindyssagh,84.76,89.41,human,
,ren mee goll dys yn albert son jough ny jees ec nuy,90.19,92.80,human,
,va kiaull yindyssagh ayn s'mie lhiam geaishtagh rish kiaull manninagh agh cha noddym cloie eh feer vie,93.49,99.46,human,
,ren mee giu campari as ren my charrey kionnaghey campari elley er my hon,100.45,104.05,human,
,ren mee loayrt gaelg rish caarjyn as va mee maynrey dy liooar,104.56,107.27,human,
,v'eh feer vie agh va mee beggan skee as ren mee goll dy lieh mysh nanejeig,107.96,111.89,human,
,cha row mee scooyrit agh erlhiam dy row ram sleih elley scooyrit,112.55,116.06,human,
,moghrey jedoonee ren mee girree mysh shiaght,117.08,119.12,human,
,ren mee jeeaghyn er bluckan coshey er iplayer moghrey jedoonee as mysh jeih ren shin shooyl dys creneash,119.63,125.30,human,
,she laa braew v'ayn agh v'eh beggan feayr,126.23,128.90,human,
,va ram sleih ayns creneash agh cha ren shin tannaghtyn foddey,129.84,132.90,human,
,lurg creneash ren shin shooyl sheese yn darrag as ren shin fakin shenn thie nigel mansell t'eh agglagh,133.74,140.40,human,
,va shin erash ec my hie mysh daayeig as ren shin gee tooilley curree braddan,141.12,144.90,human,
,ren mee fakin yn simpsons as ren mee cadley beggan as lurg shen ren goll shooyl marish my vac orry,145.32,151.41,human,
,ren orry cadleybwooise da jee,152.19,153.81,human,
,va mee erash ec my hie mysh kiare,154.63,156.40,human,
,as ren mee gobbraghey beggan as ec queig ren mee coagyrey pieyn linda mccartney,156.76,160.84,human,
,lesh praasyn as lossreeyn v'eh mie dy liooar agh cha row eh cho mie as curree braddan,161.23,166.21,human,
,oie jeheiney cha ren mee monney,166.78,168.31,human,
,ren mee surfal beggan er yn eddyrvoggyl,168.91,170.80,human,
,agh lurg shen ren mee goll dy lhie mysh jeih er yn oyr dy row mee skee agglagh,171.15,175.71,human,
,as ren mee cadley gollrish babban,176.01,177.66,human,
