id	title
0101829	Shirveish y Nollick: Manx language church service, 2022
0102	Pargys Caillit
0102053	Padjer gys y Ven Seyr Ain jeh Rushen
010224	A Gaelic Journey (Manx version): Benbecula to Ranafast
010298	Sniaghtey Bane: Bunscoill Ghaelgagh Summer Play, 2024
0103	Pargys Caillit
0104	Pargys Caillit
0104829	Shirveish y Nollick: The full Manx language church service, 2022
0105	LLG-2-24 Ayr Kelly
010527	Teeval: Ben-Phrinse ny Marrey
0105495	Yn Caggey eddyr yn Tourey as yn Geurey
0106826	Manx Gaelic Christmas Service
0106956	Shuinyn son Manannan
0107	Carval: Croo Adam, yn Tuittym as e Hroggal
0108	Charles Crebbin sermon, 1763
0109	LLG-2-11 Cooinaghtyn my vea
0110	Coyrle Sodjeh
0111	LLG-1-08 Coyrle da Manninee
0112	LLG-2-31 Dairmod as yn Fer Darig
0113	LLG-2-07 Deiney kione-lajeragh ec yn eeastagh
0114	LLG-1-01 Dys Robin Briw
0115	Phillips John 1:1-14
011594	Aalican - A poem by John Gell
0116	LLG-2-13 Feaill Breejey ayns Earyween
0117	LLG-2-30 Fin McCool as yn Foawr
011741	Aalican liorish Juan y Gell
0118	LLG-1-10 Gaelg
0119	Hymnyn er baase
0120	Illiam as Ysbal
0121	Jamys Covey
0122	John Woods sermon, 1696
0123	LLG-1-04 Keesh son kied dy varroo ushagyn
0124	LLG-1-07 Leighderyn
0125	LLG-1-16 My chaarjyn as gheiney cheerey
0126	Noo Mian 1748
0127	LLG-1-14 Ny Methodee
0128	LLG-2-01 Oie ayns baatey-eeastee
0129	LLG-2-02 Oie ec yn scaddan
0130	LLG-2-14 Oie Houney
0131	Pargeiys Caillit
0132	Philip Moore sermon, 1724
0133	LLG-1-05 Pleadeilys 1
0134	LLG-1-06 Pleadeilys 2
0135	LLG-2-10 Pollonagh, Ben y Pollonagh, Buggane
0136	Phillips - Psalm 23
0137	Raaghyn creeney jeh pobble China
013763	Solace in Wicca
0138	Saggyrt Aitken
0139	LLG-2-23 Saggyrt as ny shellanyn
0141	LLG-2-21 Scaa ayns y rellick
0142	LLG-2-39 Screeuyn gys John Kewley 1
0143	LLG-2-40 Screeuyn gys John Kewley 2
0144	LLG-2-41 Screeuyn gys John Kewley 3
0145	LLG-2-42 Screeuyn gys John Kewley 4
0146	LLG-2-36 Screeuyn gys Karl Roeder 1
0147	LLG-2-37 Screeuyn gys Karl Roeder 2
0148	LLG-2-38 Screeuyn gys Karl Roeder 3
0149	LLG-1-17 Screeuyn veih Juan Thomase Mac y Chleree
0150	LLG-2-18 Shenn ven as yn tey
0151	LLG-2-04 Skeealyn mysh yn eeastagh
0152	LLG-2-12 Skeeal beg mysh Thom Hal
0153	LLG-2-15. Skeeal mysh mac eirinnagh
0154	LLG-2-32 Skeeal yn glashtin va spoiyt
0155	LLG-2-08 Slattyssyn ny eeasteyryn
0156	LLG-2-17 Strung as Bridjen
015659	'We Will Remember Them' in Manx: Nee mayd cooinaghtyn orroo
0159	LLG-2-09 Toshiagh-jioarey as y Caashey
0160	LLG-1-12 Vanninee ghooghyssagh
0161	LLG-1-03 Yn Emshyr
0162	Yn Fer-raauee Creestee
017597	Bunscoill Ghaelgagh - Yn Moddey Doo
019670	Oie ayns Baatey-eeastee liorish Ned Beg Hom Ruy
0203	Juan Crellin: Yn Ghaaue
0204	Juan Crellin:  Tooilley mychione yn Ghaaue
0205	Juan Crellin: Goll dys scoill
0206	Juan Crellin: Yn nah chaggey
0207	Juan Crellin: Yn nah hooill
0208	Juan Crellin: Gobbragh myr marrinagh
0209	Juan Crellin: Goll er yn eeastagh
0210	Juan Crellin: Brastyllyn Gaelgagh
021024	Drogh-haghyrt etlan ayns Skylley Andreas - Juan y Crellin
0211	Juan Crellin: Thie ny Gaelgey
0212	Juan Crellin: Yn Donnag
021298	Soddag Valloo: Cliaghtey Manninagh son Oie Houney
0213	Juan Crellin: Leslie Quirk
021383	Ny Skibbyltee Boghtey
0214	Derek Phillips: part 01
021400	Dooinney va goit bun ry skyn ayns chimlee - Juan y Crellin
021453	Yn Thammag son Shelg yn Drean
021463	Phil Kelly RBV 2018: Gaelg
021465	Y Shenn Halley Sheeltys, Purt ny Hinshey
021470	Tuill Tinvaal
021476	What did you do at Christmas?
0215	Derek Phillips: part 02
021553	Yn Arrymagh Philip Moore as Çhyndaays y Vible Ghaelgagh
0216	Derek Phillips: part 03
0217	Derek Philips: part 04
021710	In conversation with Davy Quillin: Education
021712	How to use hug and hooar in Manx Gaelic
021805	Language Shift in the Isle of Man
021895	Mygeayrt y Thie Bouyr
0219	Derek Phillips: part 06
021982	Bernard Caine discusses his early life
021984	Daa whooinney ayns baatey: 04
0220	Derek Phillips: part 07
0221	Davy Quillin: part 01
022104	The Bible in Manx Gaelic
022192	Shenn Stashoon ny Meoiryn Shee, Purt ny Hinshey
0222	Davy Quillin: part 02
0223	Davy  Quillin: part 03
022327	Corneil y Ghless Earlish, Purt ny Hinshey
022328	Daa whooinney ayns baatey: 03
022383	Daa whooinney ayns baatey: 05
0224	Davy  Quillin: part 04
022419	How to use nee in Manx Gaelic
022429	Shooyl mygeayrt Meayll marish Davy Fisher
022465	Owen Williams as yn Ghaelg
0225	Taggloo: Conversational Manx part one 'the family'
0226	Taggloo: Conversational Manx part two 'free time'
022627	How to use Vel oo er nakin? in Manx Gaelic.
022637	Yn Ven Seyr Ain jeh Rushen
0227	Taggloo: Conversational Manx part three 'home'
022766	Turrys mygeayrt Purt ny Hinshey: Corneil y Ghless Earish dys Halley Albert
0228	Taggloo: Conversational Manx part four 'holidays'
022801	Shelg conneeyn - Juan y Crellin
022812	How to use hie in Manx Gaelic
022831	Straid ny Droghad, Purt ny Hinshey
022845	Turrys y Vunscoill dys Nerin
0230	Taggloo: Conversational Manx part six 'learning Manx'
0231	Taggloo: Conversational Manx part seven 'favourite places'
023169	Shooyl mygeayrt Meayll mrish Davy Fisher: 04
023180	Raad y Stashoon & Juan ny Jeih Cooatyn
0232	Taggloo: Conversational Manx part eight 'work'
023209	Sauit ass yn aile - Juan y Crellin
0233	Taggloo: Conversational Manx part nine ' radio and tv'
023363	How to use cre shegin dhyt jannoo in Manx Gaelic
0234	Taggloo: Conversational Manx part ten 'sport'
023413	How to use Cre s'mie lhiat? in Manx Gaelic
0235	Taggloo: Conversational Manx part eleven 'reading'
023563	Yn Burroo
023565	How to use craad by vie ihiat cummal? in Manx Gaelic
0236	Taggloo: Conversational Manx part twelve 'good and bad'
023647	Loayrt, Taggloo, Cowag 01
023654	Shelg yn Drean
0237	Taggloo: Conversational Manx part thirteen 'Manx today'
023702	"""Loshtit dy bollagh!"""
023790	In conversation with Davy Quillin: work
023806	Owen Williams ec Culture Vannin
023840	In conversation with Davy Quillin: Learning Manx
023842	Daa whooinney ayns baatey: 09
023953	Daa whooinney ayns baatey: 07
024158	Launch of new book in Manx Gaelic by Chris Lewin
024171	Cooish 2019
024172	Daa whooinney ayns baatey: 08
024192	How to use ren in Manx Gaelic
024249	Straid Duke, Purt ny Hinshey
024318	Carvalyn Gaelgagh: Coloayrtys marish Dr Marie Clague
024627	Shooyl mygeayrt Meayll marish Davy Fisher: 02
024745	Halley Albert, Purt ny Hinshey
02485	Scaan Spurrier ec Shenn Thie-oast ny Marrey, Purt ny Hinshey
025124	Daa whooinney ayns baatey: 11
025270	Manx Gaelic Revival
025414	Traaue yn Aght Manninagh
025551	Ayns cooinaghtyn jeh JJ Kneen
025617	Thie-eirinagh Carey
025642	Laa Tinvaal marish Frank as Matilda
025646	The origins of Manx Gaelic
025679	Beggan mychione ny Manninee ayns Cleveland - Katie Kermode
025728	Daa whooinney ayns baatey: 12
025898	Dooinney “meydlagh” voish y clieau - Juan y Crellin
026068	The Manx language, casually spoken | Owen speaking Manx | Wikitongues
026100	Daa whooinney ayns baatey: 13
026133	Skeddan Jiarg daunsey 'sy Thalloo Bretnagh
02615	Daa whooinney ayns baatey: 02
026172	Cammag:  Gamman Manninagh
02628	Scaan Cott Fenella, Purt ny Hinshey
026343	Native Speakers of Manx Gaelic
026392	Loayrt, Taggloo, Cowag 02
026750	Shooyl mygeayrt Meayll marish Davy Fisher: 03
026779	In conversation with Davy Quillin: Where you live
026791	Turrys Taggloo
026830	Cowag marish ny paitchyn ayns y Chorn
026877	Cooinaghtyn Manninagh: Co-loayrtys marish Juan y Crellin
02696	Manx language report: Bunscoill Ghaelgagh
027005	Yn Clan MacMaster
027132	Straid y Chashtal, Purt ny Hinshey
027171	Cooish 2011: the Villa Marina Arcade
02722	Charlie Joughin - Juan y Crellin
02731	How to use honnick in Manx Gaelic
027366	How to use Craad smie lhiat? in Manx Gaelic
027374	Manx Gaelic today
027570	Phil Gawne MHK at the Cooish
027601	Meeiteil rish dooinney enmyssit Kennaugh er y cheayn - Juan y Crellin
027603	Daa whooinney ayns baatey: 06
027629	Lhong-vrisht er y Thousla
027690	Mish as my vaidjeryn
027797	Manx Gaelic recording - Ned Maddrell (Last native Manx Speaker)
028011	Maidjey Cammag
02816	Skeddan Jiarg daunsey ayns y Chorn
028604	Yn skeeal jeh Bollan Bane
028646	Daa whooinney ayns baatey: 10
02871	In Conversation with Claudia König: Free time
028728	Cur Shilley er Gef, Scaan Ghelbee
028802	Celtic Langanguages with Brian Stowell
028828	Lhoan y Thie Obbree, Purt ny Hinshey
028897	Laair Vane: Tradishoon son Kegeesh Ommidjagh
028919	How to use she & cha nee in Manx Gaelic
029141	Daa whooinney ayns baatey: 01
029322	Coayl y Vrig Lily, 1852
029361	Loayrt rish Katie Kermode voish America
029380	Traie Phurt ny Hinshey as Gaabyl Vunn
029381	How to talk about the weather in Manx Gaelic
029403	Queeyl Ghaelgagh
029485	Cammag: Gamman Manninagh
029629	Cowag marish Jack McLean
029648	Goll stiagh ayns thieyn feallagh elley - Juan y Crellin
029750	Placenames of the Isle of Man
029847	'Tip the Scales,' y Groseyr, Purt ny Hinshey
029968	In conversation with Davy Quillin: Holidays
0301	Manx language and dialect archive recordings: Skeealyn Vannin, Disk 1 Track 2
0302	Manx language and dialect archive recordings: Skeealyn Vannin, Disk 1 Track 3
0303	Manx language and dialect archive recordings: Skeealyn Vannin, Disk 1 Track 4
0304	Manx language and dialect archive recordings: Skeealyn Vannin, Disk 1 Track 5
0305	Manx language and dialect archive recordings: Skeealyn Vannin, Disk 1 Track 6
0307	Manx language and dialect archive recordings: Skeealyn Vannin, Disk 1 Track 8
0308	Manx language and dialect archive recordings: Skeealyn Vannin, Disk 1 Track 9
0309	Manx language and dialect archive recordings: Skeealyn Vannin, Disk 1 Track 12
0310	Manx language and dialect archive recordings: Skeealyn Vannin, Disk 1 Track 13
0311	Manx language and dialect archive recordings: Skeealyn Vannin, Disk 1 Track 14
0312	Manx language and dialect archive recordings: Skeealyn Vannin, Disk 1 Track 15
0313	Manx language and dialect archive recordings: Skeealyn Vannin, Disk 1 Track 16
0314	Manx language and dialect archive recordings: Skeealyn Vannin, Disk 2 Track 1
0316	Manx language and dialect archive recordings: Skeealyn Vannin, Disk 2 Track 3
0317	Manx language and dialect archive recordings: Skeealyn Vannin, Disk 2 Track 4
0318	Manx language and dialect archive recordings: Skeealyn Vannin, Disk 2 Track 5
0319	Manx language and dialect archive recordings: Skeealyn Vannin, Disk 2 Track 6i
0320	Manx language and dialect archive recordings: Skeealyn Vannin, Disk 2 Track 6ii
0321	Manx language and dialect archive recordings: Skeealyn Vannin, Disk 2 Track 6iii
0322	Manx language and dialect archive recordings: Skeealyn Vannin, Disk 2 Track 7i
0323	Manx language and dialect archive recordings: Skeealyn Vannin, Disk 2 Track 7ii
0324	Manx language and dialect archive recordings: Skeealyn Vannin, Disk 2 Track 7iii
0325	Manx language and dialect archive recordings: Skeealyn Vannin, Disk 2 Track 7iv
0326	Manx language and dialect archive recordings: Skeealyn Vannin, Disk 2 Track 8
0327	Manx language and dialect archive recordings: Skeealyn Vannin, Disk 2 Track 9
0329	Manx language and dialect archive recordings: Skeealyn Vannin, Disk 2 Track 11i
0330	Manx language and dialect archive recordings: Skeealyn Vannin, Disk 2 Track 11ii
0331	Manx language and dialect archive recordings: Skeealyn Vannin, Disk 2 Track 12
0332	Manx language and dialect archive recordings: Skeealyn Vannin, Disk 2 Track 13i
0333	Manx language and dialect archive recordings: Skeealyn Vannin, Disk 2 Track 13ii
0334	Manx language and dialect archive recordings: Skeealyn Vannin, Disk 2 Track 13iii
0335	Manx language and dialect archive recordings: Skeealyn Vannin, Disk 2 Track 14
0336	Manx language and dialect archive recordings: Skeealyn Vannin, Disk 2 Track 15i
0337	Manx language and dialect archive recordings: Skeealyn Vannin, Disk 2 Track 15ii
0338	Manx language and dialect archive recordings: Skeealyn Vannin, Disk 2 Track 15iii
0339	Manx language and dialect archive recordings: Skeealyn Vannin, Disk 2 Track 16
0340	Manx language and dialect archive recordings: Skeealyn Vannin, Disk 2 Track 17i
0341	Manx language and dialect archive recordings: Skeealyn Vannin, Disk 2 Track 17ii
0342	Manx language and dialect archive recordings: Skeealyn Vannin, Disk 2 Track 18i
0343	Manx language and dialect archive recordings: Skeealyn Vannin, Disk 2 Track 18ii
0344	Manx language and dialect archive recordings: Skeealyn Vannin Disk 3 Track 1
0345	Manx language and dialect archive recordings: Skeealyn Vannin Disk 3 Track 2i
0346	Manx language and dialect archive recordings: Skeealyn Vannin Disk 3 Track 2ii
0347	Manx language and dialect archive recordings: Skeealyn Vannin Disk 3 Track 3i
0348	Manx language and dialect archive recordings: Skeealyn Vannin Disk 3 Track 3ii
0349	Manx language and dialect archive recordings: Skeealyn Vannin Disk 3 Track 4
0350	Manx language and dialect archive recordings: Skeealyn Vannin Disk 3 Track 5
0351	Manx language and dialect archive recordings: Skeealyn Vannin Disk 3 Track 6
0352	Manx language and dialect archive recordings: Skeealyn Vannin Disk 3 Track 7i
0353	Manx language and dialect archive recordings: Skeealyn Vannin Disk 3 Track 16
0354	Manx language and dialect archive recordings: Skeealyn Vannin Disk 3 Track 17
0355	Manx language and dialect archive recordings: Skeealyn Vannin Disk 4 Track 1
0356	Manx language and dialect archive recordings: Skeealyn Vannin Disk 4 Track 2
0357	Manx language and dialect archive recordings: Skeealyn Vannin Disk 4 Track 3
0358	Manx language and dialect archive recordings: Skeealyn Vannin Disk 4 Track 4
0359	Manx language and dialect archive recordings: Skeealyn Vannin Disk 4 Track 5
0361	Manx language and dialect archive recordings: Skeealyn Vannin Disk 5 Track 1
0362	Manx language and dialect archive recordings: Skeealyn Vannin Disk 5 Track 4
0363	Manx language and dialect archive recordings: Skeealyn Vannin Disk 3 Track 5
04100	Culture Vannin: Island of Culture series 100
04101	Culture Vannin: Island of Culture series 101
04102	Culture Vannin: Island of Culture series: 102
04103	Culture Vannin: Island of Culture series: 103
04104	Culture Vannin: Island of Culture series: 104
04105	Culture Vannin: Island of Culture series: 105
04106	Culture Vannin: Island of Culture series: 106
04107	Culture Vannin: Island of Culture series: 107
04108	Culture Vannin: Island of Culture series: 108
04109	Culture Vannin: Island of Culture series: 109
0411	Culture Vannin: Island of Culture series 11
04110	Culture Vannin: Island of Culture series: 110
04111	Culture Vannin: Island of Culture series: 111
04112	Culture Vannin: Island of Culture series: 112
04113	Culture Vannin: Island of Culture series: 113
04114	Culture Vannin: Island of Culture series: 114
04115	Culture Vannin: Island of Culture series: 115
04116	Culture Vannin: Island of Culture series: 116
04117	Culture Vannin: Island of Culture series: 117
04118	Culture Vannin: Island of Culture series: 118
04119	Culture Vannin: Island of Culture series: 119
0412	Culture Vannin: Island of Culture series 12
0413	Culture Vannin: Island of Culture series 13
04130	Culture Vannin: Island of Culture series 130
04131	Culture Vannin: Island of Culture series 131
04132	Culture Vannin: Island of Culture series 132
04133	Culture Vannin: Island of Culture series 133
04134	Culture Vannin: Island of Culture series 134
04135	Culture Vannin: Island of Culture series 135
04136	Culture Vannin: Island of Culture series 136
04137	Culture Vannin: Island of Culture series 137
04138	Culture Vannin: Island of Culture series 138
04139	Culture Vannin: Island of Culture series 139
0414	Culture Vannin: Island of Culture series 14
04141	Culture Vannin: Island of Culture series 141
04142	Culture Vannin: Island of Culture series 142
04143	Culture Vannin: Island of Culture series: 143
04144	Culture Vannin: Island of Culture series 144
04145	Culture Vannin: Island of Culture series 145
04146	Culture Vannin: Island of Culture series at the races
04147	Culture Vannin: Island of Culture series at the races 02
04148	Culture Vannin: Island of Culture series at the races 03
04149	Culture Vannin: Island of Culture series at the races 04
0415	Culture Vannin: Island of Culture series 15
04150	Culture Vannin: Island of Culture series at the races 05
04151	Culture Vannin: Island of Culture series at the races 06
04152	Culture Vannin: Island of Culture series at the races 07
04153	Culture Vannin: Island of Culture series at the races 08
04154	Culture Vannin: Island of Culture series at the races 09
04155	Culture Vannin: Island of Culture series at the races 10
04156	Culture Vannin: Island of Culture series at the races 11
04157	Culture Vannin: Island of Culture series at the races 12
04158	Culture Vannin: Island of Culture series 158
04159	Culture Vannin: Island of Culture series 159
0416	Culture Vannin: Island of Culture series 16
04160	Culture Vannin: Island of Culture series 160
04161	Culture Vannin: Island of Culture series 161
04162	Culture Vannin: Island of Culture series 162
04163	Culture Vannin: Island of Culture series 163
04164	Culture Vannin: Island of Culture series 164
04165	Culture Vannin: Island of Culture series 165
04166	Culture Vannin: Island of Culture series 166
04167	Culture Vannin: Island of Culture series 167
04168	Culture Vannin: Island of Culture series 168
04169	Culture Vannin: Island of Culture series 169
0417	Culture Vannin: Island of Culture series 17
04170	Culture Vannin: Island of Culture series 170
04171	Culture Vannin: Island of Culture series 171
04172	Culture Vannin: Island of Culture series 172
04173	Culture Vannin: Island of Culture series 173
04174	Culture Vannin: Island of Culture series 174
04175	Culture Vannin: Island of Culture series 175
04176	Culture Vannin: Island of Culture series 176
04177	Culture Vannin: Island of Culture series 177
04178	Culture Vannin: Island of Culture series 178
04179	Culture Vannin: Island of Culture series 179
0418	Culture Vannin: Island of Culture series 18
04180	Culture Vannin: Island of Culture series 180
04181	Culture Vannin: Island of Culture series 181
04182	Culture Vannin: Island of Culture series 182
04183	Culture Vannin: Island of Culture series 183
04184	Culture Vannin: Island of Culture series 184
04185	Culture Vannin: Island of Culture series 185
04186	Culture Vannin: Island of Culture series 186
04187	Culture Vannin: Island of Culture series 187
04188	Culture Vannin: Island of Culture series 188
04189	Culture Vannin: Island of Culture series 189
0419	Culture Vannin: Island of Culture series 19
04190	Culture Vannin: Island of Culture series: 190
04191	Culture Vannin: Island of Culture series 191
04192	Culture Vannin: Island of Culture series 192
04193	Culture Vannin: Island of Culture series 193
04194	Culture Vannin: Island of Culture series 194
04195	Culture Vannin: Island of Culture series 195
04196	Culture Vannin: Island of Culture series 196
04197	Culture Vannin: Island of Culture series: 197
04198	Culture Vannin: Island of Culture series: 198
04199	Culture Vannin: Island of Culture series: 199
0420	Culture Vannin: Island of Culture series 20
04200	Culture Vannin: Island of Culture series: 200
04201	Culture Vannin: Island of Culture series: 201
04202	Culture Vannin: Island of Culture series: 202
04203	Culture Vannin: Island of Culture series: 203
04204	Culture Vannin: Island of Culture series; 204
04205	Culture Vannin: Island of Culture series: 205
04206	Culture Vannin: Island of Culture series 206
04207	Culture Vannin: Island of Culture series 207
04208	Culture Vannin: Island of Culture series: 208
04209	Culture Vannin: Island of Culture series: 209
0421	Culture Vannin: Island of Culture series 21
04210	Culture Vannin: Island of Culture series: 210
04211	Culture Vannin: Island of Culture series: 211
04212	Culture Vannin: Island of Culture series: 212
04213	Culture Vannin: Island of Culture series: 213
04214	Culture Vannin: Island of Culture series 214
04215	Culture Vannin: Island of Culture series 215
04216	Culture Vannin: Island of Culture series: 216
04217	Culture Vannin: Island of Culture series: 217
04218	Culture Vannin: Island of Culture series: 218
04219	Culture Vannin: Island of Culture series: 219
0422	Culture Vannin: Island of Culture series 22
04220	Culture Vannin: Island of Culture series: 220
04221	Culture Vannin: Island of Culture series: 221
04222	Culture Vannin: Island of Culture series: 222
04223	Culture Vannin: Island of Culture series: 223
04224	Culture Vannin: Island of Culture series: 224
04225	Culture Vannin: Island of Culture series: 225
04226	Culture Vannin: Island of Culture series: 226
04227	Culture Vannin: Island of Culture series: 227
04229	Culture Vannin: Island of Culture series: 229
0423	Culture Vannin: Island of Culture series 23
04230	Culture Vannin: Island of Culture series: 230
04231	Culture Vannin: Island of Culture series: 231
04232	Culture Vannin: Island of Culture series: 232
04233	Culture Vannin: Island of Culture series: 233
04234	Culture Vannin: Island of Culture series: 234
04235	Culture Vannin: Island of Culture series: 235
04236	Culture Vannin: Island of Culture series: 236
04237	Culture Vannin: Island of Culture series: 237
04238	Culture Vannin: Island of Culture series: 238
04239	Culture Vannin: Island of Culture series: 239
0424	Culture Vannin: Island of Culture series 24
04240	Culture Vannin: Island of Culture series: 240
04241	Culture Vannin: Island of Culture series: 241
04242	Culture Vannin: Island of Culture series: 242
04243	Culture Vannin: Island of Culture series: 243
04244	Culture Vannin: Island of Culture series: 244
04245	Culture Vannin: Island of Culture series: 245
04246	Culture Vannin: Island of Culture series: 246
04247	Culture Vannin: Island of Culture series: 247
04248	Culture Vannin: Island of Culture series: 248
04249	Culture Vannin: Island of Culture series: 249
0425	Culture Vannin: Island of Culture series 25
04250	Culture Vannin: Island of Culture series: 250
04251	Culture Vannin: Island of Culture series: 251
04252	Culture Vannin: Island of Culture series: 252
04253	Culture Vannin: Island of Culture series: 253
04254	Culture Vannin: Island of Culture series : 254
04256	Culture Vannin: Island of Culture series: 256
04257	Culture Vannin: Island of Culture series: 257
04258	Culture Vannin: Island of Culture series: 258
04259	Culture Vannin: Island of Culture series: 259
0426	Culture Vannin: Island of Culture series 26
04260	Culture Vannin: Island of Culture series: 260
04261	Culture Vannin: Island of Culture series: 261
04262	Culture Vannin: Island of Culture series: 262
04263	Culture Vannin: Island of Culture series: 263
04264	Culture Vannin: Island of Culture series: 264
04265	Culture Vannin: Island of Culture series: 265
04266	Culture Vannin: Island of Culture series: 266
04267	Culture Vannin: Island of Culture series: 267
04268	Culture Vannin: Island of Culture series: 268
04269	Culture Vannin: Island of Culture series: 269
0427	Culture Vannin: Island of Culture series 27
04270	Culture Vannin: Island of Culture series: 270
04271	Culture Vannin: Island of Culture series: 271
04272	Culture Vannin: Island of Culture series: 272
04273	Culture Vannin: Island of Culture series: 273
04274	Culture Vannin: Island of Culture series: 274
04275	Culture Vannin: Island of Culture series: 275
04276	Culture Vannin: Island of Culture series: 276
04277	Culture Vannin: Island of Culture series: 277
04278	Culture Vannin: Island of Culture series: 278
04279	Culture Vannin: Island of Culture series: 279
0428	Culture Vannin: Island of Culture series 28
04280	Culture Vannin: Island of Culture series: 280
04281	Culture Vannin: Island of Culture series: 281
04282	Culture Vannin: Island of Culture series: 282
04283	Culture Vannin: Island of Culture series: 283
04284	Culture Vannin: Island of Culture series: 284
04286	Culture Vannin: Island of Culture series: 286
04287	Culture Vannin: Island of Culture series: 287
04288	Culture Vannin: Island of Culture series: 288
04289	Culture Vannin: Island of Culture series: 289
04290	Culture Vannin: Island of Culture series: 290
04291	Culture Vannin: Island of Culture series: 291
04292	Culture Vannin: Island of Culture series: 292
04293	Culture Vannin: Island of Culture series: 293
04295	Culture Vannin: Island of Culture series : 295
04296	Culture Vannin: Island of Culture series: 296
04297	Culture Vannin: Island of Culture series: 297
04298	Culture Vannin: Island of Culture series: 298
04299	Culture Vannin: Island of Culture series: 299
0430	Culture Vannin: Island of Culture series 30
04300	Culture Vannin: Island of Culture series: 300
04301	Culture Vannin: Island of Culture series: 301
04302	Culture Vannin: Island of Culture series: 302
04303	Culture Vannin: Island of Culture series: 303
04304	Culture Vannin: Island of Culture series: 304
04305	Culture Vannin: Island of Culture series: 305
04306	Culture Vannin: Island of Culture series: 306
04307	Culture Vannin: Island of Culture series: 307
04308	Culture Vannin: Island of Culture series: 308
04309	Culture Vannin: Island of Culture series: 309
0431	Culture Vannin: Island of Culture series 31
04310	Culture Vannin: Island of Culture series: 310
04311	Culture Vannin: Island of Culture series: 311
04312	Culture Vannin: Island of Culture series: 312
04314	Culture Vannin: Island of Culture series: 314
04315	Culture Vannin: Island of Culture series: 315
04316	Culture Vannin: Island of Culture series: 316
04317	Culture Vannin: Island of Culture series: 317
04318	Culture Vannin: Island of Culture series:  318
04319	Culture Vannin: Island of Culture series: 319
0432	Culture Vannin: Island of Culture series 32
04320	Culture Vannin: Island of Culture series: 320
04321	Culture Vannin: Island of Culture series: 321
04322	Culture Vannin: Island of Culture series: 322
04324	Culture Vannin: Island of Culture series: 324
04325	Culture Vannin: Island of Culture series: 325
04327	Culture Vannin: Island of Culture series: 327
04328	Culture Vannin: Island of Culture series: 328
04329	Culture Vannin: Island of Culture series: 329
0433	Culture Vannin: Island of Culture series 33
04330	Culture Vannin: Island of Culture series:330
04331	Culture Vannin: Island of Culture series: 331
04332	Culture Vannin: Island of Culture series: 332
04333	Culture Vannin: Island of Culture series: 333
04335	Culture Vannin: Island of Culture series: 335
04336	Culture Vannin: Island of Culture series: 336
04337	Culture Vannin: Island of Culture series: 337
04338	Culture Vannin: Island of Culture series: 338
04339	Culture Vannin: Island of Culture series: 339
0434	Culture Vannin: Island of Culture series 34
04341	Culture Vannin: Island of Culture series: 341
04342	Culture Vannin: Island of Culture series: 342
04343	Culture Vannin: Island of Culture series: 343
04344	Culture Vannin: Island of Culture series: 344
04345	Culture Vannin: Island of Culture series: 345
04346	Culture Vannin: Island of Culture series: 346
04347	Culture Vannin: Island of Culture series: 347
04348	Culture Vannin: Island of Culture series: 348
04349	Culture Vannin: Island of Culture series: 349
0435	Culture Vannin: Island of Culture series 35
04350	Culture Vannin: Island of Culture series: 350
04351	Culture Vannin: Island of Culture series: 351
04352	Culture Vannin: Island of Culture series: 352
04353	Culture Vannin: Island of Culture series: 353
04354	Culture Vannin: Island of Culture series: 354
04355	Culture Vannin: Island of Culture series: 355
04356	Culture Vannin: Island of Culture series: 356
04357	Culture Vannin: Island of Culture series: 357
04358	Culture Vannin: Island of Culture series: 358
04359	Culture Vannin: Island of Culture series: 359
0436	Culture Vannin: Island of Culture series 36
04360	Culture Vannin: Island of Culture series: 360
04361	Culture Vannin: Island of Culture series: 361
04362	Culture Vannin: Island of Culture series: 362
04363	Culture Vannin: Island of Culture series: 363
04364	Culture Vannin: Island of Culture series: 364
0437	Culture Vannin: Island of Culture series 37
0438	Culture Vannin: Island of Culture series 38
0439	Culture Vannin: Island of Culture series 39
0440	Culture Vannin: Island of Culture series 40
0441	Culture Vannin: Island of Culture series 41
0442	Culture Vannin: Island of Culture series 42
0443	Culture Vannin: Island of Culture series 43
0444	Culture Vannin: Island of Culture series 44
0445	Culture Vannin: Island of Culture series 45
0446	Culture Vannin: Island of Culture series 46
0447	Culture Vannin: Island of Culture series 47
0448	Culture Vannin: Island of Culture series 48
0449	Culture Vannin: Island of Culture series 49
0450	Culture Vannin: Island of Culture series 50
0451	Culture Vannin: Island of Culture series 51
0452	Culture Vannin: Island of Culture series 52
0453	Culture Vannin: Island of Culture series 53
0454	Culture Vannin: Island of Culture series 54
0455	Culture Vannin: Island of Culture series 55
0456	Culture Vannin: Island of Culture series 56
0457	Culture Vannin: Island of Culture series 57
0459	Culture Vannin: Island of Culture series 59
0460	Culture Vannin: Island of Culture series 60
0461	Culture Vannin: Island of Culture series 61
0462	Culture Vannin: Island of Culture series 62
0464	Culture Vannin: Island of Culture series 64
0465	Culture Vannin: Island of Culture series 65
0466	Culture Vannin: Island of Culture series 66
0467	Culture Vannin: Island of Culture series 67
0468	Culture Vannin: Island of Culture series 68
0469	Culture Vannin: Island of Culture series 69
0470	Culture Vannin: Island of Culture series 70
0471	Culture Vannin: Island of Culture series 71
0472	Culture Vannin: Island of Culture series 72
0473	Culture Vannin: Island of Culture series 73
0474	Culture Vannin: Island of Culture series 74
0475	Culture Vannin: Island of Culture series 75
0476	Culture Vannin: Island of Culture series 76
0477	Culture Vannin: Island of Culture series 77
0478	Culture Vannin: Island of Culture series 78
0479	Culture Vannin: Island of Culture series 79
0480	Culture Vannin: Island of Culture series 80
0482	Culture Vannin: Island of Culture series 82
0484	Culture Vannin: Island of Culture series  84
0485	Culture Vannin: Island of Culture series 85
0486	Culture Vannin: Island of Culture series 86
0487	Culture Vannin: Island of Culture series 87
0488	Culture Vannin: Island of Culture series 88
0489	Culture Vannin: Island of Culture series 89
0490	Culture Vannin: Island of Culture series 90
0491	Culture Vannin: Island of Culture series 91
0492	Culture Vannin: Island of Culture series 92
0493	Culture Vannin: Island of Culture series 93
0494	Culture Vannin: Island of Culture series 94
0495	Culture Vannin: Island of Culture series 95
0496	Culture Vannin: Island of Culture series 96
0497	Culture Vannin: Island of Culture series 97
0498	Culture Vannin: Island of Culture series 98
0499	Culture Vannin: Island of Culture series 99
072052	Cuchulainn 3 - Graih as Caggey.wmv
073184	Cuchulainn 5   Baase y Feniagh
073333	Ny Tree Braaraghyn
075836	Cuchulainn 4  -  Yn Doolane Mooar
077571	Manannan Episode 4 (Part 1) Come Dine With Us
077651	Manannan Episode 4 (part two) Come Dine With Us
079099	Cuchulainn 2 - Yn Ennym.wmv
079233	Cuchulainn 1 - Gaase.wmv
081009	Adrian Cain ayns Purt le Moirrey
081261	Tar shiu gys y Chooish!
081266	Yn Gaaue
081408	Laa Mie er y Cholloo: Yn boalley
081510	Cooishyn Gailckagh 3 - Pronouncing lheiy, lhiy, leoaie etc.
081552	Chengey ny Mayrey - Foillan Films (Manx Language Film - Mother Tongue)
081618	Cooishyn Gailckagh 9 - Pronunciation of Manx words - Part 3/3
081708	Shenn Skeeal voish Papua Niugini
081878	Nollick: Some Manx words for Christmas, #2
081882	Lessoon Arrane Gaelgagh: Arrane Oie Vie
082082	Gaelg son paarantyn: Traa son skeeal
082179	Yn Cholloo: Lhong-vrisht er y Thousla
082226	Nollick: Some Manx words for Christmas, #1
082277	"Yn Cholloo: ""Piccolo motore, grande rumore..."""
082325	Laa Mie er y Cholloo: Kione Spaaniagh
082357	Cappan y theihll ayns #Gaelg - World cup in #Manx (part 09)
082436	Cappan y theihll ayns #Gaelg - World cup in #Manx (part 05)
082636	Adrian Cain ayns Purt le Moirrey - part 4
082731	Laa mie er y Cholloo: Cre'n fa ren oo gobbragh ayns shen?
082776	"Yn Cholloo: ""Loshtit dy bollagh!"""
083037	Cooishyn Gailckagh 1 - How to search the Corpus of Manx Gaelic Texts
083112	Cregeen 04: Averil
083596	Cregeen: 10 Jerrey Fouyir
083624	Laa Mie er y Cholloo
083717	Yn Cholloo: Pump-ushtey Carey
083723	Gaelg son paarantyn: What would you want?
083768	Gymmydey reesht greieyn whaaley veih lhong-vrisht
083861	Turrys mygeayrt Purt le Moirrey - Part 3
083900	Cregeen 07: Jerrey Souree
083918	Laa Mie er y Cholloo: Kione Spaaniagh
083988	Cooishyn Gailckagh 4 - Manx Dictionaries
084140	Some Manx for Valentine's Day: Y Phaag
084150	Manx Gaelic today
084248	Cooishyn Gailckagh 2 - Months in Manx Gaelic
084277	Tinvaal Aboo!
084329	Adrian Cain ayns Purt le Moirrey Part 5
084514	Oie'll Vreeshey ec Earyween: Skeeal voish Ned Beg Hom Ruy
084515	Nollick: Some Manx words for Christmas, #3
084534	Cregeen 02: Toshiaght Arree
084588	Nollick: Some Manx words for Christmas, #4
084609	Cappan y theihll ayns #Gaelg - World cup in #Manx (part 01)
084815	Cooishyn Gailckagh 8 - Pronouncing T, D, Tr, Dr in Manx and IOL 2023
084835	Cappan y theihll ayns #Gaelg - World Cup in #Manx (part 06)
084917	Hop-tu-naa: Purt le Moirrey 2017
084927	Learning Manx: part two. The present tense
085085	Gaelg son paarantyn: Greetings
085093	Culture Vannin: Island of Culture series: 365 (The final one!)
085276	Yn Cholloo: Quoi s'lesh y phurt, ansherbee?
085336	Cappan y theihll ayns #Gaelg - World cup in #Manx (part 04)
085555	Gaelg son paarantyn: Jalloo
085578	Manx Fruit & Vegetables
085771	Yn Cholloo: Aiee eayil ec Purt Jiass
085823	Cregeen: 09 Mean Fouyir
085905	Cregeen 08 Luanistyn
086046	Gaelg son paarantyn: Goll dy lhie
086108	Yn Cholloo: Yn 'Clan MacMaster'
086114	Illiam Dhone Ceremony 1986 - Foillan Films.
086227	Cappan y theihll ayns #Gaelg - World cup in #Manx (part 02):
086289	Laa Mie er y Cholloo: Ushagyn
086328	Cooishyn Gailckagh 7 - Pronouncing OI in Manx Gaelic
086401	Cregeen 05: Boaldyn
086484	Laa mie er y Cholloo: Yn Glion
086491	Faagmayd nyn Mannaght Ec Lerpoyl - Foillan Films (Manx Language Film - We'll say farewell to L'pool)
086493	Yn Chrosh Cheirn
086742	Cregeen 01 Jerrey Geuree
086801	A day in the life of the Bunscoill Ghaelgagh
086810	Cooishyn Gailckagh 9 - Pronunciation of Manx words with Juan y Crellin Part 1/3
08684	Cappan y theihll ayns #Gaelg - World cup in #Manx (part 03)
086999	Cappan y theihll ayns #Gaelg - World cup in #Manx (part 08)
087004	Yn Thammag son Shelg yn Drean
087008	Turrys mygeayrt Purt le Moirrey
087039	Gaelg son paarantyn: Goll dys scoill
087140	Cooishyn Gailckagh 10 - Manx for conferences
087202	Ayns cooinaghtyn jeh Manannan son Laa Tinvaal
087560	Laa mie er y Cholloo: Thie-sollysh
087641	Yn Cholloo: Thie-eirinagh Carey
087780	Cregeen 03: Mayrnt
088044	Yn Cholloo: Puirt er y Cholloo
088063	Laa mie er y Cholloo: Yn cowrey
088163	Cappan y theihll ayns #Gaelg - World cup in #Manx (part 07)
088210	Yn Cholloo: Gymmydey reesht greieyn whaaley veih lhong-vrisht
088341	Turrys mygeayr Creneash - journey around cregneash part 1
088450	Kitterland, y Thousla as coayl y Vrig Lily
088497	Shenn Stashoon ny Meoiryn Shee, Purt ny Hinshey
088650	Gaelg son paarantyn: Traa cloie
088736	Laa mie er y Cholloo: Y Ghaaue
088825	Y Keyllys Mooar as y Keyllys Foalsey
089013	Bollan Bane  as Laa Tinvaal #manx #gaelic
089074	Laa Mie er y Cholloo: Y Voalley
089257	Mona Douglas - Foillan Films (Manx Language Film )
089276	Yn Cholloo: Ushagyn 'sy toor arroo
089384	Laa'l Catreeney: Keayrt dy row ayns Colby
089500	Laa mie er y Cholloo: Yn Mwyllin
089619	Laa mie er y Cholloo: er y raad erash
089646	Gaelg son paarantyn: Anjeeal
089718	Cooishyn Gailckagh 5  - Oie Voaldyn
089763	Gaelg son paarantyn: y jerrey shiaghtin
089765	Cregeen 06 Mean souree:
089904	Yn Cholloo: Ellan jeh ymmodee daaghyn
08998	Laa mie er y Cholloo: Ny Loghlynee
092096	Hall Caine as y Ven Rein
092177	Geay Jeh'n Aer: A traditional Manx song performed on Manx Radio
096271	Spotçh liorish Finn: Hannah
096440	Spotçh liorish Finn: Thie Bee
09678	Spotçh liorish Finn: Thie bleb
097045	Kiare spotçhyn liorish Finn
097855	Taishbynys 2021
099209	Loghanyn Snaue Purt ny hInshey
msd-UOSH-HOYFM-SA0001	[SA 0001] Interview with John Kneen of Ballaugh speaking Manx Gaelic
msd-UOSH-HOYFM-SA0002	[SA 0002] Interview with Ned Maddrell about Cregneash & Douglas Faragher talking about Manx Gaelic
msd-UOSH-HOYFM-SA0003	[SA 0003] Interview with John Kneen speaking Manx Gaelic
msd-UOSH-HOYFM-SA0004	[SA 0004] Interview with John Kneen speaking Manx Gaelic
msd-UOSH-HOYFM-SA0005	[SA 0005] Interview with John Kneen speaking Manx Gaelic
msd-UOSH-HOYFM-SA0009	[SA 0009] Interview with Edward ('Ned') Maddrell speaking Manx Gaelic
msd-UOSH-HOYFM-SA0010	[SA 0010] Interview with Ned Maddrell of Glen Chass about fishing in the IoM and the British Isles
msd-UOSH-HOYFM-SA0011	[SA 0011] Conversation with Ned Maddrell of Glen Chass
msd-YouTube-Captan-y-Skeerey-as-yn-Cannabis	Captan y Skeerey as yn Cannabis
msd-YouTube-Jack-As-Ned-1949	Jack as Ned
msd-YouTube-L-Quirk-Coraaghyn-Vannin	L Quirk   Coraaghyn Vannin
msd-YouTube-Skeealyn-Vannin-Disk-1-Track-10	Manx language and dialect archive recordings: Skeealyn Vannin, Disk 1 Track 10
msd-YouTube-Skeealyn-Vannin-Disk-1-Track-11	Manx language and dialect archive recordings: Skeealyn Vannin, Disk 1 Track 11
msd-YouTube-Skeealyn-Vannin-Disk-1-Track-7	Manx language and dialect archive recordings: Skeealyn Vannin, Disk 1 Track 7
